{
  "0": {
    "precision": 0.2550335570469799,
    "recall": 0.32294617563739375,
    "f1-score": 0.285,
    "support": 1059.0
  },
  "1": {
    "precision": 0.35,
    "recall": 0.2581560283687943,
    "f1-score": 0.29714285714285715,
    "support": 1410.0
  },
  "2": {
    "precision": 0.6668773704171934,
    "recall": 0.6859557867360208,
    "f1-score": 0.6762820512820513,
    "support": 3076.0
  },
  "accuracy": 0.5078449053201082,
  "macro avg": {
    "precision": 0.4239703091547244,
    "recall": 0.42235266358073625,
    "f1-score": 0.4194749694749695,
    "support": 5545.0
  },
  "weighted avg": {
    "precision": 0.5076456859000972,
    "recall": 0.5078449053201082,
    "f1-score": 0.5051451791370637,
    "support": 5545.0
  }
}