{
  "0": {
    "precision": 0.3284823284823285,
    "recall": 0.14919735599622286,
    "f1-score": 0.2051948051948052,
    "support": 1059.0
  },
  "1": {
    "precision": 0.4148148148148148,
    "recall": 0.3177304964539007,
    "f1-score": 0.3598393574297189,
    "support": 1410.0
  },
  "2": {
    "precision": 0.6608935742971888,
    "recall": 0.8559817945383615,
    "f1-score": 0.7458923512747876,
    "support": 3076.0
  },
  "accuracy": 0.5841298467087466,
  "macro avg": {
    "precision": 0.4680635725314441,
    "recall": 0.440969882329495,
    "f1-score": 0.4369755046331039,
    "support": 5545.0
  },
  "weighted avg": {
    "precision": 0.5348350422524486,
    "recall": 0.5841298467087466,
    "f1-score": 0.5444616168076554,
    "support": 5545.0
  }
}