{
  "0": {
    "precision": 0.26897762176393153,
    "recall": 0.5788479697828139,
    "f1-score": 0.36728579988016774,
    "support": 1059.0
  },
  "1": {
    "precision": 0.350104821802935,
    "recall": 0.23687943262411348,
    "f1-score": 0.2825719120135364,
    "support": 1410.0
  },
  "2": {
    "precision": 0.759515570934256,
    "recall": 0.5708712613784135,
    "f1-score": 0.651818856718634,
    "support": 3076.0
  },
  "accuracy": 0.48746618575293055,
  "macro avg": {
    "precision": 0.4595326715003742,
    "recall": 0.46219955459511364,
    "f1-score": 0.43389218953744607,
    "support": 5545.0
  },
  "weighted avg": {
    "precision": 0.561724976805034,
    "recall": 0.48746618575293055,
    "f1-score": 0.5035846458572953,
    "support": 5545.0
  }
}