{
  "0": {
    "precision": 0.2910874897792314,
    "recall": 0.336166194523135,
    "f1-score": 0.31200701139351444,
    "support": 1059.0
  },
  "1": {
    "precision": 0.38313080771979985,
    "recall": 0.3801418439716312,
    "f1-score": 0.3816304734781061,
    "support": 1410.0
  },
  "2": {
    "precision": 0.722203215874102,
    "recall": 0.6862808842652796,
    "f1-score": 0.703783963993999,
    "support": 3076.0
  },
  "accuracy": 0.5415689810640216,
  "macro avg": {
    "precision": 0.46547383779104434,
    "recall": 0.4675296409200153,
    "f1-score": 0.46580714962187314,
    "support": 5545.0
  },
  "weighted avg": {
    "precision": 0.5536471023606604,
    "recall": 0.5415689810640216,
    "f1-score": 0.547043077712426,
    "support": 5545.0
  }
}