{
  "0": {
    "precision": 0.30604982206405695,
    "recall": 0.32483474976392823,
    "f1-score": 0.315162620247366,
    "support": 1059.0
  },
  "1": {
    "precision": 0.40181956027293403,
    "recall": 0.375886524822695,
    "f1-score": 0.3884206669109564,
    "support": 1410.0
  },
  "2": {
    "precision": 0.7195357833655706,
    "recall": 0.7256176853055917,
    "f1-score": 0.722563936549045,
    "support": 3076.0
  },
  "accuracy": 0.5601442741208296,
  "macro avg": {
    "precision": 0.4758017219008539,
    "recall": 0.47544631996407166,
    "f1-score": 0.47538240790245584,
    "support": 5545.0
  },
  "weighted avg": {
    "precision": 0.559777170637181,
    "recall": 0.5601442741208296,
    "f1-score": 0.5597902658271003,
    "support": 5545.0
  }
}