{
  "0": {
    "precision": 0.26351865955826353,
    "recall": 0.6534466477809254,
    "f1-score": 0.37557666214382635,
    "support": 1059.0
  },
  "1": {
    "precision": 0.3777403035413153,
    "recall": 0.15886524822695036,
    "f1-score": 0.2236645032451323,
    "support": 1410.0
  },
  "2": {
    "precision": 0.7523645743766122,
    "recall": 0.5689206762028609,
    "f1-score": 0.6479081821547575,
    "support": 3076.0
  },
  "accuracy": 0.4807935076645627,
  "macro avg": {
    "precision": 0.46454117915873033,
    "recall": 0.46041085740357895,
    "f1-score": 0.4157164491812388,
    "support": 5545.0
  },
  "weighted avg": {
    "precision": 0.5637427446795157,
    "recall": 0.4807935076645627,
    "f1-score": 0.4880195136328192,
    "support": 5545.0
  }
}