{
  "0": {
    "precision": 0.31587057010785824,
    "recall": 0.1935788479697828,
    "f1-score": 0.24004683840749413,
    "support": 1059.0
  },
  "1": {
    "precision": 0.4019873532068654,
    "recall": 0.31560283687943264,
    "f1-score": 0.35359555025824396,
    "support": 1410.0
  },
  "2": {
    "precision": 0.6576933227764582,
    "recall": 0.8101430429128739,
    "f1-score": 0.7260014566642389,
    "support": 3076.0
  },
  "accuracy": 0.5666366095581605,
  "macro avg": {
    "precision": 0.45851708203039393,
    "recall": 0.43977490925402973,
    "f1-score": 0.4398812817766589,
    "support": 5545.0
  },
  "weighted avg": {
    "precision": 0.5273893169749841,
    "recall": 0.5666366095581605,
    "f1-score": 0.538495907743347,
    "support": 5545.0
  }
}