{
  "0": {
    "precision": 0.3675675675675676,
    "recall": 0.06421152030217187,
    "f1-score": 0.10932475884244373,
    "support": 1059.0
  },
  "1": {
    "precision": 0.42945258288357746,
    "recall": 0.3950354609929078,
    "f1-score": 0.4115256741780569,
    "support": 1410.0
  },
  "2": {
    "precision": 0.6596111247846419,
    "recall": 0.871261378413524,
    "f1-score": 0.7508054349348648,
    "support": 3076.0
  },
  "accuracy": 0.5960324616771867,
  "macro avg": {
    "precision": 0.4855437584119289,
    "recall": 0.4435027865695346,
    "f1-score": 0.4238852893184551,
    "support": 5545.0
  },
  "weighted avg": {
    "precision": 0.5453103725441761,
    "recall": 0.5960324616771867,
    "f1-score": 0.5420204937898743,
    "support": 5545.0
  }
}