{
  "0": {
    "precision": 0.2937554969217238,
    "recall": 0.3153918791312559,
    "f1-score": 0.30418943533697634,
    "support": 1059.0
  },
  "1": {
    "precision": 0.3815789473684211,
    "recall": 0.3702127659574468,
    "f1-score": 0.3758099352051836,
    "support": 1410.0
  },
  "2": {
    "precision": 0.7203947368421053,
    "recall": 0.711963589076723,
    "f1-score": 0.7161543492478745,
    "support": 3076.0
  },
  "accuracy": 0.5493237150586113,
  "macro avg": {
    "precision": 0.46524306037741675,
    "recall": 0.4658560780551419,
    "f1-score": 0.46538457326334476,
    "support": 5545.0
  },
  "weighted avg": {
    "precision": 0.5527588092977268,
    "recall": 0.5493237150586113,
    "f1-score": 0.550932263110483,
    "support": 5545.0
  }
}