{
  "0": {
    "precision": 0.2719683655536028,
    "recall": 0.5845136921624173,
    "f1-score": 0.3712143928035982,
    "support": 1059.0
  },
  "1": {
    "precision": 0.3509485094850949,
    "recall": 0.18368794326241134,
    "f1-score": 0.24115456238361266,
    "support": 1410.0
  },
  "2": {
    "precision": 0.7471355195574871,
    "recall": 0.6147594278283485,
    "f1-score": 0.674514000356697,
    "support": 3076.0
  },
  "accuracy": 0.49936880072137063,
  "macro avg": {
    "precision": 0.4566841315320616,
    "recall": 0.46098702108439243,
    "f1-score": 0.4289609851813026,
    "support": 5545.0
  },
  "weighted avg": {
    "precision": 0.5556430578276068,
    "recall": 0.49936880072137063,
    "f1-score": 0.5063929738570071,
    "support": 5545.0
  }
}