{
  "0": {
    "precision": 0.30976430976430974,
    "recall": 0.34749763928234184,
    "f1-score": 0.32754784156653316,
    "support": 1059.0
  },
  "1": {
    "precision": 0.4032957502168257,
    "recall": 0.32978723404255317,
    "f1-score": 0.3628560280920796,
    "support": 1410.0
  },
  "2": {
    "precision": 0.7134831460674157,
    "recall": 0.7431729518855656,
    "f1-score": 0.7280254777070063,
    "support": 3076.0
  },
  "accuracy": 0.5624887285843102,
  "macro avg": {
    "precision": 0.4755144020161837,
    "recall": 0.47348594173682024,
    "f1-score": 0.4728097824552064,
    "support": 5545.0
  },
  "weighted avg": {
    "precision": 0.5575043406942288,
    "recall": 0.5624887285843102,
    "f1-score": 0.5586846768720546,
    "support": 5545.0
  }
}