{
  "0": {
    "precision": 0.308296943231441,
    "recall": 0.3333333333333333,
    "f1-score": 0.3203266787658802,
    "support": 1059.0
  },
  "1": {
    "precision": 0.42474916387959866,
    "recall": 0.2702127659574468,
    "f1-score": 0.33029908972691807,
    "support": 1410.0
  },
  "2": {
    "precision": 0.6951184698829574,
    "recall": 0.7916124837451235,
    "f1-score": 0.740234078127375,
    "support": 3076.0
  },
  "accuracy": 0.5715058611361588,
  "macro avg": {
    "precision": 0.4760548589979991,
    "recall": 0.4650528610119679,
    "f1-score": 0.46361994887339114,
    "support": 5545.0
  },
  "weighted avg": {
    "precision": 0.5524918299932023,
    "recall": 0.5715058611361588,
    "f1-score": 0.5557994037236839,
    "support": 5545.0
  }
}