{
  "0": {
    "precision": 0.26048387096774195,
    "recall": 0.6100094428706326,
    "f1-score": 0.365074879909579,
    "support": 1059.0
  },
  "1": {
    "precision": 0.357487922705314,
    "recall": 0.1574468085106383,
    "f1-score": 0.21861152141802068,
    "support": 1410.0
  },
  "2": {
    "precision": 0.7385433715220949,
    "recall": 0.5868010403120937,
    "f1-score": 0.6539855072463768,
    "support": 3076.0
  },
  "accuracy": 0.4820559062218215,
  "macro avg": {
    "precision": 0.45217172173171694,
    "recall": 0.45141909723112156,
    "f1-score": 0.41255730285799214,
    "support": 5545.0
  },
  "weighted avg": {
    "precision": 0.5503462220326952,
    "recall": 0.4820559062218215,
    "f1-score": 0.48810026389783745,
    "support": 5545.0
  }
}